position,true_level,spring_rank,z_dev,layer,n_records
中央|党委|党委常委会/政治局 |政治局常委,正国,2.7842553001572745,1.4030723261435996,6,19
中央|政协|政协人口资源环境委员会|主任,正部,2.543087576050165,2.676255446618361,6,3
中央|人大|人大教育科学文化卫生委员会|主任委员,正部,2.2665404811300953,2.173319921511483,6,3
中央|党委|党委常委会/政治局 |政治局委员,副国,2.244432002802023,2.1331800930261506,6,35
中央|人大|人大常委会|秘书长,副国,2.2088030304286206,2.050769913543296,6,3
中央|人大|人大民族委员会|副主任委员,正部,2.0650176141178695,1.8068253504109213,6,5
中央|政府_国务院|全国社会保障基金理事会|理事长,正部,1.9789800445378098,1.6503552553329979,6,4
中央|政协|政协民族和宗教委员会|副主任,正部,1.9570945458549813,1.6105537351779746,6,4
中央|人大|人大农业与农村委员会|副主任委员,正部,1.9384101708630261,1.5765738593431233,6,9
中央|人大|人大内务司法委员会|副主任委员,正部,1.9351199439854179,1.570590169719159,6,6
中央|政协|政协文史和学习委员会|副主任委员,正部,1.8727170958103665,1.4571027753780423,6,3
中央|政协|政协提案委员会|副主任,正部,1.8351708755055507,1.388820271704522,6,6
中央|政协|政协经济委员会|副主任,正部,1.8129426291197066,1.3483954219280283,6,9
中央|党委|纪律检查委员会|纪委书记,正国,1.8098641838080227,-0.18260162678977326,6,3
中央|政协|政协人口资源环境委员会|副主任,正部,1.789237661687522,1.305284969993637,6,10
中央|党委|政法委|政法委书记,正国,1.7657584669421897,-0.2543770003909195,6,3
中央|人大|人大环境与资源保护委员会|副主任委员,正部,1.6871864638732985,1.1196920865271995,6,14
中央|政协|政协教科文卫体委员会|副主任,副部,1.6779141024913933,3.4317233045681412,6,5
中央|政府_国务院|政府/国务院（综合）|副总理,副国,1.6724918731302596,0.810276691667215,6,11
中央|政协|政协社会和法制委员会|副主任,正部,1.6571481375158037,1.0650636282376453,6,7
中央|人大|人大常委会|副委员长,副国,1.6038868073184405,0.6515924689584586,5,19
中央|政协|政协经济委员会|副主任委员,正部,1.5886622292125334,0.9405134272497013,5,7
中央|政协|政协民族和宗教委员会|副主任委员,正部,1.5855903018259432,0.9349267425885895,5,3
中央|政协|政协港澳台侨委员会|副主任,正部,1.5605764511438776,0.8894359225480978,5,4
中央|政协|政协常委会|常务委员,正部,1.5512462480178262,0.872467779708229,5,3
中央|人大|人大财政经济委员会|副主任,正部,1.5392352117779184,0.8506242061203679,5,3
中央|人大|人大教育科学文化卫生委员会|副主任委员,正部,1.5117615152689772,0.800659848388297,5,5
中央|政协|政协常委会|副主席,副国,1.5080180419372335,0.42984702878508685,5,23
中央|行业协会_人民团体|总工会|主席,副国,1.4933624814256419,0.39594856661434696,5,3
中央|人大|人大财政经济委员会|副主任委员,正部,1.4854718429869156,0.7528487869924507,5,12
省级|党委|党委常委会/政治局 |市委书记,副国,1.4841415433821146,0.3746204420980572,5,13
中央|政府_国务院|政府/国务院（综合）|国务委员,副国,1.475133495990531,0.3537847358489301,5,10
中央|人大|人大华侨委员会|副主任委员,正部,1.4330997593919104,0.6576035942291414,5,7
中央|政府_国务院|住房和城乡建设(建设)部/厅/局|部长,正部,1.4272006602589562,0.6468753436903051,5,3
中央|人大|人大法律委员会|副主任委员,正部,1.3788681018226474,0.5589765333124576,5,4
中央|人大|人大常委会|委员,正部,1.3580802866000532,0.5211712879967476,5,21
中央|党委|统战部（党委）|部长,副国,1.342559800847856,0.047140415689722076,5,5
中央|学校|中央党校|校长,正国,1.3284110367450424,-0.9660936989629073,5,4
中央|政府_国务院|政府/国务院（综合）|秘书长,副国,1.3221005104021972,-0.00018213349997280883,5,3
中央|政协|政协提案委员会|副主任委员,正部,1.3194325556557713,0.45088554927918967,5,4
中央|人大|人大常委会|常委,副部,1.3155324562862565,2.6144719373685734,5,6
中央|党委|组织部 （党委）|部长,副国,1.2846961585293353,-0.08669878402182638,5,3
中央|党委|中共中央书记处|书记,副国,1.2770531300996326,-0.10437718737523226,5,15
中央|政府_国务院|财政部/厅/局|部长,正部,1.2684742854865392,0.3582115532876267,5,3
中央|党委|政法委|政法委副书记,副国,1.2571153796533154,-0.150493409183301,5,4
中央|党委|宣传部（党委）|部长,副国,1.2467130811876892,-0.17455403250418142,5,3
中央|政府_国务院|人民银行|委员,副部,1.246354940090329,2.4584612224699818,5,3
中央|党委|精神文明建设指导委员会办公室|主任,正部,1.2279334319736412,0.28448293409644165,5,4
中央|党委|直属机关工作委员会|书记,副国,1.2191988122656203,-0.2381948194582261,5,4
中央|政协|政协常委会|常委,正部,1.2131495128330367,0.2575965256954907,5,10
中央|党委|统战部（党委）|副部长,副部,1.1955441708386951,2.343871614871994,5,7
中央|政府_国务院|商务部/厅/局|部长,正部,1.1945268414887855,0.22372886567136047,5,3
中央|政府_国务院|公安部/厅/局|部长,副国,1.190149208223506,-0.3053868523332376,5,4
省级|政协|政协常委会|政协主席,正部,1.1813709552830853,0.19980323904699643,5,3
中央|政府_国务院|全国“扫黄打非”工作小组|副组长,正部,1.156433689634268,0.15445169848048776,5,3
省级|人大|人大常委会|常务副主任,副部,1.1437356759312365,2.227031913581757,5,10
中央|党委|党委办公厅 /室|主任,副国,1.119080186568563,-0.4697702302447205,5,3
中央|政府_国务院|民族事务委员会|主任,正部,1.0981212596489596,0.04840324187530953,5,3
中央|政协|政协社会和法制委员会|主任,正部,1.0940108362484857,0.04092792215833179,5,3
中央|政府_国务院|交通部/厅/局|部长,正部,1.0860969052894223,0.026535447619025748,5,3
中央|学校|中央党校|常务副校长,正部,1.0714856957814596,-3.686668591298036e-05,5,3
中央|政府_国务院|国有资产监督管理委员会|主任,正部,1.0698762169741223,-0.00296390545791866,5,5
省级|人大|人大常委会|主任,正部,1.060348101758321,-0.020291976218245786,5,41
中央|政府_国务院|新华通讯社|社长,正部,1.0543726887142333,-0.03115901316154588,5,3
中央|政协|政协常委会|委员,正部,1.051198381973432,-0.036931887499627745,5,8
中央|党委|纪律检查委员会|委员,副部,1.049464396998916,2.014429171688261,5,5
中央|政府_国务院|监察部/厅/局|部长,正部,1.048226598020699,-0.04233644878494501,5,4
省级|政协|政协常委会|主席,正部,1.006021909501356,-0.11909096030343698,5,86
中央|人大|人大民族委员会|委员,副部,1.0052441349892347,1.9147026265837186,5,4
中央|党委|机构编制委员会|委员,副国,0.9851864236229361,-0.779467880806801,5,3
省级|人大|人大常委会|副主任委员,副部,0.9844583423096797,1.8678260320773923,5,3
省级|人大|人大常委会|副书记,副部,0.9780244189049002,1.853316101030728,5,5
中央|政府_国务院|外交部|部长,正部,0.9644488848736845,-0.1946967119293665,5,3
省级|党委|党委常委会/政治局 |书记,正部,0.9435479616902981,-0.23270765823669687,4,71
中央|行业协会_人民团体|作家协会|副主席,副部,0.8965502510779062,1.6695736964544057,4,3
中央|政府_国务院|发展改革/计划委员会|主任,正部,0.8960770397054877,-0.31903947482163975,4,4
省级|政协|政协常委会|党组书记,正部,0.8956894146345733,-0.31974441955678967,4,7
省级|政府_国务院|政府/国务院（综合）|市长,正部,0.8873838080428614,-0.33484920528502554,4,11
中央|政府_国务院|供销合作社|党组书记,正部,0.886750748102394,-0.3360005040671558,4,3
省级|人大|人大常委会|党组书记,副部,0.8759349983893487,1.623081707631796,4,12
省级|党委|党委常委会/政治局 |省委书记,正部,0.8697476051332725,-0.3669228489217059,4,28
中央|政府_国务院|体育局|副局长,副部,0.8468080466575802,1.5573939406755506,4,3
中央|党委|直属机关工作委员会|副书记,正部,0.8362113784749825,-0.4279126769629851,4,5
中央|党委|纪律检查委员会|纪委副书记,正部,0.8235103215998986,-0.4510111394896984,4,9
中央|政府_国务院|发展改革/计划委员会|副主任,副部,0.8097559727742327,1.4738332571921386,4,16
中央|学校|国家行政学院|副院长,副部,0.7999251550838367,1.4516625725498544,4,3
省级|行业协会_人民团体|科学技术协会|主席,副部,0.798089015788036,1.447521669263013,4,4
中央|政府_国务院|中国银行业监督管理委员会|主席,正部,0.7953568049461645,-0.5022118352914152,4,3
中央|政府_国务院|民政部/厅/局|副部长,副部,0.7950737173430585,1.4407214993248323,4,3
中央|学校|北京大学|院长,副国,0.7933791780094238,-1.2231200123210333,4,3
中央|政府_国务院|质量监督检验检疫局|副局长,副部,0.7770895554917497,1.4001632066661571,4,3
省级|政府_国务院|政府/国务院（综合）|主席,正部,0.761190085072198,-0.564348294204352,4,15
中央|党委|防范和处理邪教问题领导小组（610）办公室|主任,副部,0.7381707727161828,1.312392678643692,4,3
中央|政府_国务院|海关|署长,正部,0.7379257938693196,-0.606657321228269,4,3
省级|政府_国务院|政府/国务院（综合）|特邀咨询,副部,0.7280997334671957,1.2896802408545658,4,5
中央|政府_国务院|质量监督检验检疫局|局长,正部,0.7273409856720217,-0.6259071205089385,4,3
省级|其他|不详|待职,副部,0.7247399433619406,1.2821031654541495,4,4
中央|政府_国务院|工业和信息化（信息产业）部/厅/局|部长,正部,0.7234808068287152,-0.6329273391596747,4,4
中央|党委|财经领导小组办公室|副秘书长,正部,0.7145295447872697,-0.6492063301810226,4,3
中央|人大|人大常委会|副秘书长,正部,0.6961588871287805,-0.6826156717570075,4,3
中央|政府_国务院|广播电影电视部 /厅/局|局长,正部,0.6904093101228744,-0.6930719975826091,4,5
中央|政府_国务院|国家税务局|局长,正部,0.6848159549839238,-0.7032442143789217,4,3
中央|党委|对外宣传办公室/政府新闻办/网宣办)|主任,正部,0.6683709595262392,-0.7331514980850887,4,4
中央|行业协会_人民团体|科学技术协会|副主席,副部,0.6682966344497677,1.1548109257372725,4,4
中央|政府_国务院|文化部/厅/局|部长,正部,0.6638152036999242,-0.7414367105890518,4,3
省级|党委|宣传部（党委）|宣传部长,副部,0.6628587070276584,1.1425471875844435,4,4
中央|政府_国务院|国家电力监管委员会|主席,正部,0.650447414783903,-0.7657477088294788,4,4
中央|政府_国务院|商务部/厅/局|副部长,副部,0.6489709389482684,1.1112271757430958,4,4
中央|政府_国务院|国土资源部/厅/局|部长,正部,0.6399976489004678,-0.7847519167505507,4,4
省级|人大|人大办公厅|主任,副部,0.6337031242715978,1.0767948512881333,4,3
省级|人大|人大常委会|副主任,副部,0.6308255812824171,1.0703053506009153,4,322
中央|政府_国务院|安全生产监督管理局（煤矿安全检察局）|局长,正部,0.6300500052694175,-0.8028429524730718,4,7
省级|政协|政协常委会|常务副主席,副部,0.6282017241519101,1.06438796805768,4,5
中央|党委|国家机关工作委员会|书记,副国,0.6193154412650191,-1.6257312253593126,4,3
中央|学校|甘肃省委党校|校长,副部,0.6183827043564367,1.0422438902975506,4,3
中央|政府_国务院|新闻出版署/版权局|副署长,副部,0.6177796954032074,1.0408839707303734,4,3
中央|学校|北京市委党校|校长,副部,0.6145301988133415,1.033555631785539,4,6
中央|党委|纪律检查委员会|组长,副部,0.5978094459015092,0.9958466078299892,4,17
中央|政府_国务院|政府/国务院（综合）|副秘书长,正部,0.5927777153975498,-0.8706272793489753,4,10
中央|政府_国务院|人力资源和社会保障部/厅/局|副部长,副部,0.5906258483879098,0.9796459946066661,4,3
中央|学校|辽宁省委党校|校长,副部,0.5850945880384649,0.9671717699039017,4,4
中央|政府_国务院|卫生部/厅/局|副部长,副部,0.5835293620680189,0.9636418365374663,4,3
中央|党委|党史研究室|主任,正部,0.5821104466559796,-0.8900270434562368,4,3
省级|政府_国务院|政府/国务院（综合）|省长,正部,0.5699207262848522,-0.9121955765139819,4,87
省级|人大|人大常委会|党组副书记,副部,0.5667874156407219,0.9258850164816705,4,11
中央|政府_国务院|农业部/厅/局|部长,正部,0.5623660829611882,-0.9259346414934216,4,3
省级|政协|政协常委会|副主席,副部,0.5312819790388713,0.845812344728714,4,255
中央|政府_国务院|劳动和社会保障部/厅/局|副部长,副部,0.5167549120049124,0.813050571280116,4,5
中央|党委|社会治安综合治理委员会|副主任,正部,0.5164299911619304,-1.0094751771735917,4,3
中央|政府_国务院|安全生产监督管理局（煤矿安全检察局）|副局长,副部,0.510157442238677,0.7981718067428483,4,4
省级|行业协会_人民团体|社会科学界联合会|主席,副部,0.5052248276759232,0.7870476616944067,4,4
省级|行业协会_人民团体|总工会|主席,副部,0.48858305013215575,0.7495167447931238,4,61
省级|行业协会_人民团体|对外友好协会|会长,副部,0.4867666909171614,0.7454204499963963,4,3
中央|行业协会_人民团体|文学艺术界联合会|副主席,副部,0.4620405012677623,0.6896573822245584,4,4
省级|党委|党委常委会/政治局 |省委副书记,副部,0.45676377207929875,0.6777571820108519,4,30
中央|学校|浙江省委党校|校长,副部,0.45389173859070525,0.6712801064752236,4,3
中央|政府_国务院|铁道部/厅/局|部长,正部,0.45323362336157125,-1.1244056863286687,4,4
省级|政府_国务院|政府/国务院（综合）|党组副书记,副部,0.4440473867665733,0.6490788993453485,4,4
中央|中央企业|中国石油天然气集团公司|总经理,正部,0.44341583334735196,-1.1422605669869434,4,3
中央|政府_国务院|工业和信息化（信息产业）部/厅/局|党组成员,副部,0.4398046101857254,0.639510492673181,4,4
省级|政协|政协常委会|党组副书记,副部,0.43786629097574215,0.6351391509095551,4,11
中央|学校|重庆市委党校|校长,副部,0.437259469816731,0.6337706339688082,4,3
中央|学校|科学院|院长,副国,0.4189477355476816,-2.0891837891234153,4,4
中央|党委|机构编制委员会|主任,副部,0.41801164506004274,0.5903624998573015,4,4
中央|政府_国务院|工商行政管理局|局长,正部,0.40589845683341386,-1.2104906146145402,4,3
中央|中央企业|中国石油化工集团公司|董事长,正部,0.3924022272678741,-1.2350351982612047,4,3
中央|学校|云南省委党校|校长,副部,0.3865591976946968,0.5194302220218214,4,4
中央|行业协会_人民团体|总工会|副主席,副部,0.38265622660940835,0.5106281524661609,4,14
中央|党委|政法委|副秘书长,副部,0.3764709377980046,0.496678947834582,4,4
副省级市|政协|政协常委会|主席,副部,0.34342485600476347,0.42215266923043054,3,11
省级|党委|纪律检查委员会|纪委书记,副部,0.3376976433053165,0.4092365283113725,3,93
中央|政府_国务院|国土资源部/厅/局|副部长,副部,0.33535069627426023,0.4039436397504824,3,3
省级|政协|政协常委会|政协副主席,副部,0.3311742151447134,0.39452474409462135,3,6
省级|行业协会_人民团体|残疾人联合会|主席,副部,0.3248620154038938,0.38028932703571944,3,6
中央|党委|组织部 （党委）|副部长,副部,0.32371772433312607,0.3777086956713765,3,13
中央|学校|广东省委党校|校长,副部,0.30603352935634437,0.3378268951609352,3,3
省级|党委|党委常委会/政治局 |党委副书记,副部,0.30496101611307563,0.33540813879294623,3,4
省级|行业协会_人民团体|红十字会会|会长,副部,0.30030289687826994,0.3249030418789911,3,4
省级|党委|党委常委会/政治局 |常务副书记,副部,0.27652611922999826,0.27128110974159386,3,6
省级|党委|组织部 （党委）|组织部长,副部,0.2743046920401861,0.2662712963942021,3,7
省级|党委|社会治安综合治理委员会|主任,副部,0.27335424233825734,0.2641278205132079,3,3
省级|政府_国务院|政府/国务院（综合）|常务副省长,副部,0.26572906420863923,0.24693134459664612,3,50
省级|政协|政协常委会|党组成员,副部,0.26465486923342163,0.24450879554834654,3,9
中央|行业协会_人民团体|妇女联合会|副主席,副部,0.26112424294215447,0.2365464464784506,3,5
省级|政协|政协常委会|常委,副部,0.25062370009410584,0.21286538236062955,3,3
省级|政府_国务院|政府/国务院（综合）|常务副市长,副部,0.242541899916631,0.19463912197012362,3,9
省级|政府_国务院|国有资产监督管理委员会|党委书记,副部,0.2356641633657151,0.17912829337729635,3,5
中央|党委|宣传部（党委）|副部长,副部,0.2338240956989174,0.17497853073843778,3,23
地级市|党委|党委常委会/政治局 |书记（副部级）,副部,0.2330252666710624,0.17317699326541786,3,5
省级|地方企业|社科联|主席,副部,0.2315493850763338,0.1698485513761897,3,9
省级|政协|政协常委会|副书记,副部,0.23027761373221917,0.16698042358708376,3,7
中央|政府_国务院|海关|副署长,副部,0.22685096081859923,0.1592525576537495,3,6
中央|政府_国务院|国务院振兴东北地区等老工业基地领导小组|成员,副部,0.22594257142129479,0.15720393713261965,3,3
省级|政府_国务院|政府/国务院（综合）|常务副主席,副部,0.22210752723714092,0.14855505787620085,3,18
中央|政府_国务院|国有资产监督管理委员会|副主任,副部,0.22181616234558432,0.147897965116476,3,7
中央|行业协会_人民团体|总工会|书记,副部,0.21676781043274362,0.13651280655207645,3,4
中央|政府_国务院|教育部/厅/局|副部长,副部,0.2128519758942148,0.12768172704280026,3,5
省级|政府_国务院|公安部/厅/局|书记,副部,0.20954551738417082,0.12022492627427449,3,4
中央|政府_国务院|住房和城乡建设(建设)部/厅/局|副部长,副部,0.2028642592468611,0.10515720028839866,3,3
中央|学校|福建省委党校|校长,副部,0.20186765845037247,0.10290964340462243,3,3
中央|学校|西藏自治区委党校|校长,副部,0.19514547757147568,0.08774962751703161,3,3
省级|政协|政协常委会|书记,正部,0.1833440396334846,-1.6152336935886757,3,3
中央|政府_国务院|工业和信息化（信息产业）部/厅/局|副部长,副部,0.18264686476268568,0.05956247037745773,3,11
副省级市|人大|人大常委会|主任,副部,0.18130487383568103,0.05653598178083845,3,20
省级|人大|人大常委会|党组成员,副部,0.17267564070577646,0.037075138089802895,3,10
中央|政府_国务院|中国银行业监督管理委员会|副主席,副部,0.1712888708550458,0.033947663041413674,3,4
省级|人大|人大常委会|秘书长,正厅,0.1667335492321217,2.4749507705107145,3,21
中央|中央企业|上海宝钢集团公司|董事长,副部,0.1639344262295056,0.017361751508206905,3,4
中央|政府_国务院|外交部|副部长,副部,0.15970231066385865,0.007817387801073557,3,8
省级|法院_检察院|人民法院|院长,副部,0.1547387654528155,-0.0033765127520068625,3,15
中央|政府_国务院|外交部|特命全权大使,副部,0.15209743872748427,-0.0093332931245861,3,3
中央|学校|青海省委党校|校长,副部,0.14837013085916156,-0.017739202980285786,3,3
中央|政府_国务院|公安部/厅/局|副部长,副部,0.14110134948714248,-0.03413192478715841,3,7
省级|党委|统战部（党委）|部长,副部,0.1400737744227524,-0.03644933554751902,3,94
省级|政府_国务院|政府/国务院（综合）|常务副省长（常委）,副部,0.1319979477344442,-0.054662124388790846,3,3
中央|政府_国务院|人事部/厅/局|副部长,副部,0.1292130444300364,-0.06094270194253787,3,6
省级|党委|政法委|政法委书记,副部,0.12211059173552466,-0.07696031551608559,3,124
中央|政府_国务院|国家公务员局|副局长,副部,0.11245366935701548,-0.09873882747833093,3,4
省级|人大|人大常委会|副秘书长,正厅,0.1065058602546257,2.3000636911459686,3,4
省级|党委|党委常委会/政治局 |副书记,副部,0.10038279548952539,-0.12596133798570763,3,216
中央|党委|人民日报社|社长,正部,0.08881248200667256,-1.7871511696625184,3,3
地级市|党委|经济技术开发区管委会|党工委书记,副部,0.08729034891604917,-0.15548772259764737,3,3
中央|政府_国务院|中国证券监督管理委员会|主席,正部,0.08158706117441245,-1.8002915023116146,3,3
副省级市|党委|党委常委会/政治局 |市委书记,副部,0.08055098954196445,-0.17068647982003202,3,18
省级|党委|统战部（党委）|统战部部长,副部,0.07223399010835421,-0.1894431669461463,3,6
中央|学校|四川省委党校|院长,副部,0.07105421941900039,-0.1921038127568632,3,4
省级|党委|财经领导小组办公室|主任,副部,0.07027857439494133,-0.19385306513487954,3,3
中央|政府_国务院|国务院三峡工程建设委员会|委员,副部,0.058080450544259074,-0.22136255271140134,3,3
省级|党委|直属机关工作委员会|副书记,正厅,0.04029398078266189,2.1077999264773783,3,3
中央|党委|组织部 （党委）|部务委员,副部,0.037952044802432805,-0.2667565931776317,3,3
省级|军队|武装警察部队|第一政委,副部,0.027038894964096793,-0.29136817800603415,3,3
省级|党委|直属机关工作委员会|书记,副部,0.026870813049401063,-0.2917472401799193,3,33
省级|党委|组织部 （党委）|部长,副部,0.026222173634605935,-0.29321006660645627,3,108
省级|党委|党委常委会/政治局 |省委常委,副部,0.022453479367568457,-0.3017093120140177,3,72
省级|党委|政法委|副书记,副部,0.01835050487419193,-0.31096243382471433,3,11
省级|政府_国务院|公安部/厅/局|党委书记,副部,0.007983295435063896,-0.3343428013927105,3,8
省级|党委|党委常委会/政治局 |市委常委,副部,0.004570668297299002,-0.342039036075915,3,7
省级|党委|农村工作领导小组（党委）|副组长,副部,-0.0005793525297438129,-0.35365348069826885,3,3
省级|党委|政法委|政法委副书记,副部,-0.0007008676721254891,-0.3539275244234046,3,21
中央|党委|对外宣传办公室/政府新闻办/网宣办)|副主任,副部,-0.0007177174009405899,-0.3539655243167637,3,3
中央|学校|同济大学|学员,副部,-0.0026358883607644082,-0.3582914272863394,3,3
中央|党委|纪律检查委员会|常委,副部,-0.006109449799077558,-0.366125082396196,3,6
省级|法院_检察院|人民法院|党组书记,正厅,-0.007225013952433754,1.9698159137307691,3,7
中央|学校|中央党校|副校长,副部,-0.007619232543146529,-0.3695299789318947,3,5
省级|党委|党委常委会/政治局 |常委,副部,-0.009532506335518456,-0.3738448376975561,3,432
省级|政府_国务院|国有资产监督管理委员会|书记,副部,-0.012857188819005006,-0.3813427375873197,3,10
省级|党委|宣传部（党委）|部长,副部,-0.013794723814302929,-0.3834570879268812,3,106
省级|政府_国务院|政府/国务院（综合）|副主席,副部,-0.017021348353517606,-0.39073384530057037,3,101
中央|党委|人民日报社|总编辑,正部,-0.020314081554890766,-1.9856114918141827,3,5
中央|政府_国务院|政府/国务院办公厅|副秘书长,正部,-0.02130142084484919,-1.987407091961049,3,7
中央|共青团|青年联合会|主席,副部,-0.027133207774927805,-0.4135383416750895,3,4
省级|政府_国务院|公安部/厅/局|厅长,副部,-0.031263201951053254,-0.4228523988915914,3,50
中央|政府_国务院|监察部/厅/局|副部长,副部,-0.03521924538257153,-0.4317741584149173,3,4
省级|政府_国务院|政府/国务院（综合）|副省长,副部,-0.03902942799399995,-0.4403669692845582,3,377
中央|政府_国务院|中央文化体制改革工作领导小组|成员,副部,-0.04623792157714592,-0.4566237286926782,3,3
省级|党委|党委常委会/政治局 |秘书长,副部,-0.050161004210227775,-0.46547115427037455,3,136
省级|政府_国务院|政府/国务院（综合）|政府副主席,副部,-0.06540202576914611,-0.49984305427408815,3,3
副省级市|党委|党委常委会/政治局 |书记,副部,-0.0688947682681634,-0.5077199669502397,3,61
中央|政府_国务院|新华通讯社|副社长,副部,-0.07772972700350636,-0.5276447677265006,3,7
中央|政府_国务院|工商行政管理局|副局长,副部,-0.07985713810689231,-0.5324425538479686,3,8
省级|党委|党委常委会/政治局 |党委常委,副部,-0.08367503529734586,-0.5410527628124681,3,7
省级|党委|企业工作委员会|书记,副部,-0.08836721888460387,-0.5516346824322802,3,9
省级|政府_国务院|政府/国务院（综合）|党组成员,副部,-0.08861182352410517,-0.5521863204033232,3,21
中央|政府_国务院|广播电影电视部 /厅/局|副局长,副部,-0.09046113370862503,-0.5563569269792957,3,3
省级|党委|党委办公厅 /室|办公厅主任,副部,-0.0958855148607714,-0.5685901152746371,3,4
省级|行业协会_人民团体|总工会|常务副主席,正厅,-0.09745284122788682,1.7078154707862159,3,3
省级|军队|济南军区|政委,副部,-0.09952235165522579,-0.57679199269772,3,4
省级|政府_国务院|政府/国务院（综合）|常委副省长,副部,-0.10282104582186578,-0.5842312831416232,3,12
中央|学校|上海市委党校|校长,副部,-0.10285759989379178,-0.5843137207197154,3,3
省级|党委|教育工作委员会|书记,副部,-0.11039729333675898,-0.601317409618028,3,17
副省级市|政府_国务院|政府/国务院（综合）|市长,副部,-0.11245510309348945,-0.6059582291924626,3,61
省级|党委|直属机关工作委员会|第一书记,副部,-0.11368618334299828,-0.6087345894954177,3,3
省级|政协|政协常委会|秘书长,正厅,-0.11394572004692566,1.659924019927855,3,6
地级市|军队|省级军区|党委第一书记,正厅,-0.11728241728013096,1.6502350339523555,3,4
省级|政府_国务院|政府/国务院（综合）|副市长,副部,-0.1213290300282525,-0.6259709119422916,3,64
省级|法院_检察院|人民检察院|检察长,副部,-0.12209834296645701,-0.627705884055631,3,10
中央|中央企业|中国石油天然气集团公司|副总经理,副部,-0.1387029669446829,-0.665153011387124,3,3
省级|政府_国务院|政府/国务院（综合）|副省长（常委）,副部,-0.14546995067864243,-0.6804140676969822,3,3
省级|军队|南京军区|政委,副部,-0.14570131485709087,-0.6809358454777779,3,3
省级|政府_国务院|国有资产监督管理委员会|主任,正厅,-0.15993143693471912,1.526392286342572,3,19
中央|政府_国务院|人民银行|副行长,副部,-0.16147385492313301,-0.7165064381613987,3,4
中央|中央企业|上海宝钢集团公司|党委常委,副部,-0.1639344262295108,-0.7220555747837621,3,3
中央|共青团|共青团委|常务书记,副部,-0.1645785052052781,-0.7235081164040192,3,5
省级|政府_国务院|公安部/厅/局|局长,副部,-0.17057435297604207,-0.7370300892729308,3,8
中央|政府_国务院|农业部/厅/局|副部长,副部,-0.17720564086582974,-0.7519851212150152,3,4
省级|党委|机构编制委员会|主任,正厅,-0.1867497629722261,1.4485181591134233,3,10
中央|政府_国务院|财政部/厅/局|副部长,副部,-0.19241059858454138,-0.7862756892224092,3,4
省级|政府_国务院|政府/国务院（综合）|秘书长,正厅,-0.2103967284175905,1.3798529190421318,2,58
省级|党委|直属机关工作委员会|第一副书记,正厅,-0.21138744252554753,1.3769761176943198,2,3
中央|政府_国务院|政府/国务院研究室|副主任,副部,-0.2148268465148322,-0.8368293236582556,2,3
中央|党委|金融工作办公室/委员会|副书记,副部,-0.22928884347390965,-0.8694443495874427,2,3
中央|党委|组织部 （党委）|局长,正厅,-0.2302281597025481,1.3222670950477098,2,13
省级|军队|新疆生产建设兵团|第一书记,正厅,-0.23039585039300967,1.3217801606228732,2,14
省级|党委|党委办公厅 /室|主任,副部,-0.2385834873306879,-0.8904058427511585,2,44
省级|军队|新疆生产建设兵团|党委第一书记,正厅,-0.24826121472041293,1.2699033338335517,2,5
地级市|人大|人大常委会|主任,正厅,-0.24851239393350683,1.2691739683254126,2,51
省级|政府_国务院|政府/国务院办公厅|党组书记,正厅,-0.2551555351592173,1.2498838446879914,2,14
地级市|党委|党委常委会/政治局 |地委书记,正厅,-0.2685890463904924,1.2108760795763491,2,8
省级|党委|宣传部（党委）|部长（副部级）,副部,-0.27786034064556736,-0.9789838996340711,2,4
省级|政府_国务院|政府/国务院办公厅|主任,正厅,-0.2885763614306742,1.1528376057271108,2,21
中央|政府_国务院|国务院/政府扶贫开发(领导小组)办公室|副组长,副部,-0.2893605364788483,-1.0049194040014509,2,3
副省级市|党委|党委常委会/政治局 |市委副书记,副部,-0.2909605505969793,-1.0085277923932874,2,4
中央|政府_国务院|工业和信息化（信息产业）部/厅/局|局长,副部,-0.29907384291904954,-1.0268250745877288,2,3
中央|学校|厦门大学|学员,正厅,-0.299968830052243,1.119756549525118,2,3
省级|政府_国务院|发展改革/计划委员会|主任,正厅,-0.302312583840618,1.1129508383687077,2,32
省级|政府_国务院|人事部/厅/局|厅长,正厅,-0.32292968447912834,1.05308361488973,2,13
省级|军队|兰州军区|政委,副部,-0.33180565129243744,-1.1006425965957911,2,5
省级|党委|组织部 （党委）|常务副部长,正厅,-0.3334585105932332,1.022510373918736,2,14
省级|党委|党委常委会/政治局 |委员,正厅,-0.3512417742661604,0.970871948169186,2,4
省级|党委|组织部 （党委）|省委常委,副部,-0.35533351854745765,-1.1537031803279223,2,3
中央|学校|清华大学|学员,副部,-0.359123735083053,-1.1622509632472156,2,15
省级|党委|党委常委会/政治局 |市委副书记,副部,-0.3690502288927313,-1.1846374188594444,2,4
省级|政府_国务院|政府/国务院（综合）|省长助理,正厅,-0.3705755938256508,0.9147310718857264,2,33
省级|政府_国务院|农业委员会|主任,正厅,-0.382151871082995,0.8811162785269787,2,3
地级市|党委|党委常委会/政治局 |书记,正厅,-0.393135257564418,0.849223100889231,2,629
省级|党委|统战部（党委）|统战部长,副部,-0.3989963998470056,-1.2521727077215041,2,3
省级|政府_国务院|发展改革/计划委员会|党组书记,正厅,-0.4047467237596446,0.8155061271102033,2,8
省级|政府_国务院|交通部/厅/局|厅长,正厅,-0.40503865838594894,0.8146584174433277,2,7
中央|学校|武汉大学|学员,副厅,-0.4087703843999742,2.733846863449692,2,6
地级市|党委|经济技术开发区管委会|主任,副部,-0.41071748712371964,-1.2786063715184213,2,7
中央|学校|西安交通大学|学员,正厅,-0.41093370477015906,0.7975405857224487,2,5
地级市|党委|党委常委会/政治局 |市委书记,正厅,-0.41187227498931595,0.7948151979947474,2,231
中央|学校|中欧国际工商学院|学员,正厅,-0.4154452422595671,0.784440139260657,2,4
省级|政府_国务院|民族事务委员会|党组书记,正厅,-0.41588899229624227,0.7831515932579851,2,5
中央|政府_国务院|工商行政管理局|司长,正厅,-0.42140821856359756,0.7671250549889903,2,3
中央|学校|长江商学院|学员,副部,-0.4355734536805049,-1.3346621151365747,2,7
省级|军队|警备区|政委,副部,-0.4410955356368103,-1.347115640517449,2,3
省级|军队|省级军区|司令员,副部,-0.45701545801690213,-1.3830186131626916,2,10
中央|学校|中国井冈山干部学院|学员,正厅,-0.4633555802960485,0.6453197573760274,2,5
省级|政府_国务院|国土资源部/厅/局|厅长,正厅,-0.47564134118590085,0.6096447899934548,2,4
副省级市|党委|党委常委会/政治局 |市委常委,正厅,-0.4884612347827392,0.5724188265374173,2,3
省级|政府_国务院|政府/国务院（综合）|主席助理,正厅,-0.4913205877550007,0.564115936310655,2,8
地级市|党委|党委常委会/政治局 |州委书记,正厅,-0.4983056468914044,0.5438329632745799,2,8
中央|学校|华南理工大学|学员,正厅,-0.4991096547113838,0.5414983131857286,2,3
中央|中央企业|中国航天科技集团公司|总经理,副部,-0.5012034374496296,-1.4826723538621867,2,3
中央|学校|广西师范大学|学员,正厅,-0.5038916408667748,0.5276125472452244,2,3
省级|政府_国务院|经济委员会|主任,正厅,-0.5051996763821102,0.5238143189740413,2,3
中央|学校|斯坦福大学|学员,正厅,-0.5078872864136462,0.5160101299562233,2,5
省级|政府_国务院|监察部/厅/局|厅长,正厅,-0.5183859642207468,0.48552443259597183,2,10
中央|共青团|共青团委|书记处书记,副部,-0.5201303547420432,-1.5253567701290691,2,4
中央|学校|北京大学|学员,正厅,-0.5208279202456899,0.47843356518282865,2,7
中央|学校|中国人民大学|学员,正厅,-0.5228395942239179,0.47259213588910615,2,12
中央|学校|中央党校|学员,正厅,-0.5387886223531589,0.4262798998464555,2,412
副省级市|党委|政法委|政法委书记,正厅,-0.5480564513637941,0.3993682986338062,2,4
中央|政府_国务院|国家审计署/地方审计厅/局|副审计长,副部,-0.5504425571210865,-1.5937175414223255,2,3
中央|学校|哈佛大学|学员,正厅,-0.5544866233576424,0.38069658768309533,2,23
省级|军队|济南军区|副政委,副部,-0.5561595571366764,-1.6066106504634385,2,3
地级市|政协|政协常委会|主席,正厅,-0.5581643906046647,0.3700172144025536,2,5
省级|军队|兰州军区|司令员,副部,-0.5621232909959326,-1.620060199305469,2,4
中央|学校|国防大学|学员,副部,-0.5687778719075174,-1.6350677622024439,2,4
地级市|政府_国务院|政府/国务院（综合）|专员,正厅,-0.5803168669867508,0.30569161996363814,2,16
中央|学校|华中科技大学|学员,正厅,-0.5803402594880374,0.30562369362778663,2,8
副省级市|党委|党委常委会/政治局 |副书记,正厅,-0.5807498576743503,0.30443431658653686,2,30
中央|学校|江苏省委党校|学员,副厅,-0.5840693612390876,2.068701698733896,2,4
省级|党委|老干部局|局长,正厅,-0.5855092618854622,0.29061412331449155,2,3
省级|党委|组织部 （党委）|副部长,正厅,-0.5903214662653207,0.2766406107393344,2,34
省级|地方企业|社科联|党组书记,正厅,-0.5950751053412334,0.2628371580674056,2,3
中央|学校|中国延安干部学院|学员,正厅,-0.6058675853612097,0.23149832800701148,2,4
地级市|党委|党委常委会/政治局 |区委书记,正厅,-0.6254320856437418,0.17468760902157515,2,9
省级|政府_国务院|政府/国务院（综合）|副秘书长（正厅级）,正厅,-0.6270393020067839,0.17002062975652812,2,3
省级|政府_国务院|西部开发领导小组办公室|主任,正厅,-0.6332619296253567,0.15195157898167247,2,5
中央|党委|宣传部（党委）|副秘书长,正厅,-0.6417842207301858,0.12720484494416645,2,4
地级市|党委|经济技术开发区管委会|书记,副部,-0.6426152312248591,-1.8015874617634529,2,8
中央|学校|中国浦东干部学院|学员,正厅,-0.6469288420679064,0.11226607150845189,2,4
中央|共青团|青年联合会|副主席,副部,-0.6601021018265358,-1.8410242518352444,2,6
中央|党委|国家机关工作委员会|副书记,副部,-0.6629431501092741,-1.847431448826765,2,4
省级|军队|警备区|司令员,副部,-0.6712474898592461,-1.8661595855451254,2,3
中央|法院_检察院|人民检察院|副检察长,副部,-0.6721569982275472,-1.86821072959521,2,3
省级|政府_国务院|卫生部/厅/局|厅长,正厅,-0.6762707190140553,0.02706414446607188,2,5
中央|学校|重庆市委党校|学员,正厅,-0.6775742203650877,0.02327908234430862,2,3
省级|政府_国务院|食品药品监督管理局/食品安全委员会|局长,正厅,-0.680935457964921,0.013518836901295503,2,4
省级|政府_国务院|财政部/厅/局|厅长,正厅,-0.6810249212768721,0.013259056431497643,2,12
省级|军队|省级军区|政委,副部,-0.6822010903880169,-1.8908623956947002,2,5
省级|政府_国务院|商务部/厅/局|厅长,正厅,-0.6850017706518393,0.001711218816120988,2,4
副省级市|政府_国务院|政府/国务院（综合）|副市长,正厅,-0.6889415614804854,-0.009729009474680096,2,24
地级市|政府_国务院|政府/国务院（综合）|常务副州长,副厅,-0.6971724882675224,1.639549176490456,2,3
省级|行业协会_人民团体|妇女联合会|主席,正厅,-0.7038553994145303,-0.053035296046274286,1,4
中央|行业协会_人民团体|煤炭工业协会|副会长,正厅,-0.7074398524131051,-0.06344370664086281,1,3
中央|军队|国防大学|学员,副部,-0.7235171894163539,-1.984039406097559,1,3
地级市|政府_国务院|政府/国务院（综合）|州长,正厅,-0.735956779126364,-0.14625017174039254,1,19
省级|党委|党委政策研究室|主任,正厅,-0.7377757898751895,-0.15153215221475608,1,15
副省级市|党委|经济技术开发区管委会|书记,正厅,-0.7400125987242668,-0.1580273203567466,1,4
其他|党委|党委常委会/政治局 |书记,正厅,-0.748997714201919,-0.18411798779425528,1,4
中央|学校|清华大学、哈佛大学公共管理高级培训班|学员,正厅,-0.7528225998424111,-0.19522455837543368,1,3
地级市|政府_国务院|政府/国务院（综合）|市长,正厅,-0.754292168976225,-0.1994918423788648,1,388
省级|政府_国务院|政府/国务院（综合）|副秘书长,正厅,-0.7565042843816402,-0.20591530655354667,1,51
省级|政府_国务院|工商行政管理局|局长,正厅,-0.7607349855513678,-0.21820027022723387,1,7
中央|学校|国家行政学院|主任,正厅,-0.7611803320912139,-0.2194934521005745,1,4
省级|党委|滨海新区工作委员会|副书记,正厅,-0.7640843569357059,-0.22792605896426507,1,4
省级|党委|纪律检查委员会|纪委副书记,正厅,-0.7688582206001529,-0.24178823909660538,1,15
中央|学校|中国政法大学|学员,副厅,-0.7699113977019274,1.3635525062908413,1,3
省级|政府_国务院|经济贸易委员会|主任,正厅,-0.77139737329787,-0.24916134284512848,1,17
省级|政府_国务院|政府/国务院办公厅|党组成员,副厅,-0.7849144550297272,1.3066256992011531,1,5
省级|政府_国务院|科学技术部/厅/局（科学技术委员会）|厅长,正厅,-0.7873861807838706,-0.29558908880756524,1,5
副省级市|党委|经济技术开发区管委会|主任,正厅,-0.790305079952743,-0.30406488721973784,1,4
省级|法院_检察院|人民法院|副院长,正厅,-0.7909017697947854,-0.3057975345374923,1,3
副省级市|政府_国务院|政府/国务院（综合）|常务副市长,正厅,-0.803962680187917,-0.3437233542273846,1,10
省级|党委|党委常委会/政治局 |副秘书长,正厅,-0.8040784821154673,-0.34405961585783923,1,53
副省级市|党委|直属机关工作委员会|书记,正厅,-0.8086072683285606,-0.35721014856665945,1,3
地级市|政府_国务院|政府/国务院（综合）|盟长,正厅,-0.8124706920721515,-0.36842862475819144,1,7
省级|党委|统战部（党委）|副部长,正厅,-0.8150806733729533,-0.3760073981536704,1,3
中央|学校|北京师范大学|学员,正厅,-0.8278100288960821,-0.41297046028390283,1,4
省级|政府_国务院|旅游局|局长,正厅,-0.832946618934505,-0.427885912710601,1,4
地级市|党委|党委常委会/政治局 |秘书长,副厅,-0.8395391255470677,1.099360738937588,1,11
地级市|政府_国务院|政府/国务院（综合）|区长,正厅,-0.8406492974881882,-0.4502526841808207,1,40
省级|政府_国务院|司法部/厅/局|厅长,正厅,-0.8583820472434789,-0.501744429364128,1,3
副省级市|行业协会_人民团体|总工会|主席,正厅,-0.8598016428285119,-0.5058666019057023,1,5
副省级市|党委|党委常委会/政治局 |秘书长,正厅,-0.8664445155642637,-0.5251559459112712,1,3
省级|政府_国务院|教育部/厅/局|厅长,正厅,-0.8728283100436565,-0.5436929874401758,1,7
中央|政府_国务院|教育部/厅/局|司长,正厅,-0.8756448032743588,-0.5518714230323526,1,3
地级市|政府_国务院|政府/国务院（综合）|常务副专员,副厅,-0.8763673434603582,0.9596216970342973,1,4
地级市|党委|党委常委会/政治局 |常务副书记,正厅,-0.8840185031142117,-0.5761866828959031,1,3
地级市|党委|党委常委会/政治局 |副书记（正厅级）,正厅,-0.8885758586268093,-0.5894201741481215,1,23
中央|学校|天津大学|学员,正厅,-0.8941249270836359,-0.6055333671343583,1,3
省级|党委|党委常委会/政治局 |正厅级副秘书长,正厅,-0.9041165272976833,-0.6345466301248716,1,4
中央|学校|中央党校|主任,正厅,-0.9160174841301334,-0.6691042167998442,1,3
省级|党委|宣传部（党委）|副部长,正厅,-0.9171406934756311,-0.6723657532340693,1,6
中央|政府_国务院|新闻出版署/版权局|主任,正厅,-0.921631567103912,-0.6854061966908932,1,3
中央|中央企业|中国长江三峡总公司|副主任,正厅,-0.9267569345529482,-0.7002890613508338,1,3
省级|政府_国务院|外经贸部/厅/局|厅长,正厅,-0.9310322634911897,-0.7127036135946037,1,5
中央|学校|四川大学|学员,副厅,-0.9341094510619111,0.7405280984052456,1,5
地级市|政府_国务院|政府/国务院（综合）|行署专员,正厅,-0.941324462439148,-0.7425897447878808,1,14
中央|学校|东北大学|学员,副厅,-0.9525296016082804,0.6706356535651408,1,3
中央|学校|浙江省委党校|学员,副厅,-0.9542142192943872,0.6642436293302415,1,3
省级|共青团|青年联合会|副主席,正厅,-0.9690688145238536,-0.8231528344122288,1,3
地级市|党委|党委常委会/政治局 |常委,副厅,-0.9704437938671545,0.6026629900868185,1,24
中央|政府_国务院|新华通讯社|党组成员,正厅,-0.9797542972759151,-0.8541809695081755,1,3
省级|行业协会_人民团体|科学技术协会|副主席,副厅,-0.9923881154793515,0.5193986169768873,1,4
省级|政府_国务院|农业部/厅/局|厅长,正厅,-0.9957812505923174,-0.9007194820130803,1,4
中央|党委|组织部 （党委）|副局长,副厅,-1.0032083048340796,0.47834306285798295,1,3
省级|政府_国务院|信访局|局长,正厅,-1.0037823629254128,-0.9239528351660985,1,3
副省级市|党委|宣传部（党委）|部长,正厅,-1.006954305495458,-0.9331634122512524,1,3
省级|党委|企业工作委员会|副书记,正厅,-1.0075295497439094,-0.9348337865963586,1,4
省级|政府_国务院|水利部/厅/局|厅长,正厅,-1.0104107839657035,-0.9432002148384186,1,4
中央|学校|南洋理工大学|学员,副厅,-1.0164604441409306,0.4280598464865493,1,3
其他|政府_国务院|政府/国务院（综合）|市长,副厅,-1.0255750349538282,0.3934759252516529,1,4
地级市|党委|党委常委会/政治局 |市委副书记,副厅,-1.0284711373453737,0.3824871075358126,1,27
副省级市|党委|党委常委会/政治局 |区委书记,副厅,-1.0340097665152381,0.3614716259972619,1,4
副省级市|政府_国务院|政府/国务院（综合）|区长,副厅,-1.0451017400233684,0.3193848284635845,1,9
省级|政府_国务院|物价局（国家/地方）|局长,正厅,-1.0455412397902797,-1.0452108169421788,1,3
地级市|党委|组织部 （党委）|部长,副厅,-1.0466533978088715,0.31349730024219513,1,11
副省级市|党委|党委常委会/政治局 |常委,正厅,-1.05259878549005,-1.0657042739529108,1,11
地级市|政府_国务院|政府/国务院（综合）|常务副市长,副厅,-1.0744885976672285,0.20788089033196364,1,22
地级市|党委|党委常委会/政治局 |副书记,副厅,-1.0756391031676311,0.2035154731209204,1,146
省级|政府_国务院|劳动和社会保障部/厅/局|厅长,正厅,-1.0763290618158767,-1.1346114292763185,1,4
中央|学校|吉林大学|学员,副厅,-1.080904279509705,0.1835375665269724,1,5
省级|共青团|共青团委|团省委书记,正厅,-1.088435846673644,-1.169766692249523,1,3
地级市|党委|纪律检查委员会|纪委书记,副厅,-1.090994622165635,0.14525130411440207,1,12
省级|政府_国务院|民政部/厅/局|厅长,正厅,-1.0956726526823692,-1.1907806791429618,1,5
地级市|政府_国务院|政府/国务院（综合）|副市长（正厅级）,正厅,-1.0958581279287931,-1.191319255746053,1,3
省级|政府_国务院|招商局|局长,正厅,-1.1007326577479395,-1.2054737467753436,1,3
省级|政府_国务院|经济体制改革委员会|主任,正厅,-1.1109081276297967,-1.2350209241453216,1,3
地级市|党委|政法委|政法委书记,副厅,-1.1110778477596674,0.06904857528714155,1,10
省级|党委|纪律检查委员会|常委,副厅,-1.1133192319404612,0.06054398571675442,1,3
中央|学校|四川省委党校|学员,副厅,-1.117071291387081,0.04630736982973825,1,4
省级|党委|党委办公厅 /室|副主任,副厅,-1.1448349593236116,-0.05903762314022554,1,6
地级市|党委|党委常委会/政治局 |正厅级副书记,正厅,-1.1458995335108653,-1.3366277578342756,1,3
地级市|政府_国务院|政府/国务院（综合）|副市长,副厅,-1.1557512574998232,-0.10045784748738186,1,53
省级|政府_国务院|计划生育委员会|主任,正厅,-1.1614280858686423,-1.381719030880281,1,4
中央|学校|国家行政学院|学员,副厅,-1.1672624290893208,-0.14413522804616996,1,12
省级|政府_国务院|商务部/厅/局|副厅长,副厅,-1.175608904551458,-0.17580465302607026,1,4
省级|政府_国务院|经济贸易委员会|副主任,副厅,-1.2358359606773783,-0.4043270088866466,0,9
省级|政府_国务院|政府/国务院办公厅|副主任,副厅,-1.2487829850191732,-0.4534525131747074,0,5
中央|政府_国务院|技术监督局(质量技术监督局)|司长,正厅,-1.2674687007333958,-1.6896360993015511,0,4
省级|政府_国务院|发展改革/计划委员会|副主任,副厅,-1.28883093600287,-0.6054083399222235,0,9
中央|中央企业|中国航天科技集团公司|副总经理,正厅,-1.3062982471413893,-1.8023879926522857,0,3
省级|政府_国务院|水利部/厅/局|副厅长,副厅,-1.3163936676476558,-0.7099909108559616,0,3
地级市|政府_国务院|政府/国务院（综合）|副区长,副厅,-1.3165666779712335,-0.7106473720758082,0,9
省级|共青团|青年联合会|主席,正厅,-1.334605463215389,-1.8845855072535578,0,9
地级市|政府_国务院|政府/国务院（综合）|副州长,副厅,-1.3426665034238126,-0.8096791691389599,0,4
地级市|党委|组织部 （党委）|组织部长,副厅,-1.351519224437322,-0.8432694654595022,0,4
省级|共青团|共青团委|副书记,副厅,-1.358990666150461,-0.871618708669925,0,7
省级|政府_国务院|财政部/厅/局|党组书记,正厅,-1.3667209328979173,-1.9778412969170638,0,3
地级市|政府_国务院|政府/国务院（综合）|市委常委,副厅,-1.3689426207058975,-0.9093798785944659,0,3
地级市|党委|党委常委会/政治局 |市委常委,副厅,-1.3894140135622415,-0.9870554487484873,0,4
省级|党委|纪律检查委员会|秘书长,副厅,-1.396469334343413,-1.0138257847067058,0,3
中央|政府_国务院|水利部/厅/局|副部长,副部,-1.398898747593781,-3.507175325319653,0,4
地级市|中央企业|中国石油天然气集团公司|董事,副厅,-1.3988987475937817,-1.0230438218322868,0,3
中央|学校|湖北省委党校|学员,副厅,-1.4098236282272432,-1.064496611001235,0,3
中央|政府_国务院|发展改革/计划委员会|司长,正厅,-1.413477655011316,-2.1136118487995494,0,3
地级市|党委|党委常委会/政治局 |县委书记,正处,-1.4346618321144422,0.7071067811865477,0,3
中央|政府_国务院|侨务办公室|司长,正厅,-1.4466684017528058,-2.2099899907821015,0,4
省级|政府_国务院|经济体制改革与对外开放委员会办公室|主任,正厅,-1.4555260727699249,-2.235710589404714,0,3
地级市|政府_国务院|政府/国务院（综合）|副专员,副厅,-1.4592465798633578,-1.2520244443035082,0,6
地级市|党委|宣传部（党委）|部长,副厅,-1.467760751048215,-1.2843301650628929,0,3
省级|共青团|共青团委|书记,正厅,-1.4710144351923709,-2.2806851603070837,0,18
中央|共青团|共青团委|书记,正厅,-1.5604344995998514,-2.540340049384349,0,4
省级|党委|党委政策研究室|副主任,副厅,-1.6603050279303508,-2.0149099840163864,0,3
省级|政府_国务院|科学技术部/厅/局（科学技术委员会）|副厅长,副厅,-1.794643625434812,-2.5246372521156295,0,3
地级市|党委|党委常委会/政治局 |党委书记,正处,-2.240943186444512,-0.7071067811865474,0,3
